name,decription,director,actors,year,rating
AvatarÂ ,avatar|future|marine|native|paraplegic,James Cameron,"Joel David Moore,CCH Pounder,Wes Studi",2009,7.9
Pirates of the Caribbean: At World's EndÂ ,goddess|marriage ceremony|marriage proposal|pirate|singapore,Gore Verbinski,"Orlando Bloom,Johnny Depp,Jack Davenport",2007,7.1
SpectreÂ ,bomb|espionage|sequel|spy|terrorist,Sam Mendes,"Rory Kinnear,Christoph Waltz,Stephanie Sigman",2015,6.8
The Dark Knight RisesÂ ,deception|imprisonment|lawlessness|police officer|terrorist plot,Christopher Nolan,"Christian Bale,Tom Hardy,Joseph Gordon-Levitt",2012,8.5
Star Wars: Episode VII - The Force AwakensÂ             ,,Doug Walker,"Rob Walker,Doug Walker,",,7.1
John CarterÂ ,alien|american civil war|male nipple|mars|princess,Andrew Stanton,"Samantha Morton,Daryl Sabara,Polly Walker",2012,6.6
Spider-Man 3Â ,sandman|spider man|symbiote|venom|villain,Sam Raimi,"James Franco,J.K. Simmons,Kirsten Dunst",2007,6.2
TangledÂ ,17th century|based on fairy tale|disney|flower|tower,Nathan Greno,"Donna Murphy,Brad Garrett,M.C. Gainey",2010,7.8
Avengers: Age of UltronÂ ,artificial intelligence|based on comic book|captain america|marvel cinematic universe|superhero,Joss Whedon,"Robert Downey Jr.,Chris Hemsworth,Scarlett Johansson",2015,7.5
Harry Potter and the Half-Blood PrinceÂ ,blood|book|love|potion|professor,David Yates,"Daniel Radcliffe,Alan Rickman,Rupert Grint",2009,7.5
Batman v Superman: Dawn of JusticeÂ ,based on comic book|batman|sequel to a reboot|superhero|superman,Zack Snyder,"Lauren Cohan,Henry Cavill,Alan D. Purwin",2016,6.9
Superman ReturnsÂ ,crystal|epic|lex luthor|lois lane|return to earth,Bryan Singer,"Marlon Brando,Kevin Spacey,Frank Langella",2006,6.1
Quantum of SolaceÂ ,action hero|attempted rape|bond girl|official james bond series|revenge,Marc Forster,"Mathieu Amalric,Giancarlo Giannini,Rory Kinnear",2008,6.7
Pirates of the Caribbean: Dead Man's ChestÂ ,box office hit|giant squid|heart|liar's dice|monster,Gore Verbinski,"Orlando Bloom,Johnny Depp,Jack Davenport",2006,7.3
The Lone RangerÂ ,horse|outlaw|texas|texas ranger|train,Gore Verbinski,"Ruth Wilson,Johnny Depp,Tom Wilkinson",2013,6.5
Man of SteelÂ ,based on comic book|british actor playing american character|final battle|origin of hero|reboot,Zack Snyder,"Christopher Meloni,Henry Cavill,Harry Lennix",2013,7.2
The Chronicles of Narnia: Prince CaspianÂ ,brother brother relationship|brother sister relationship|good versus evil|king|narnia,Andrew Adamson,"Pierfrancesco Favino,Peter Dinklage,DamiÃ¡n AlcÃ¡zar",2008,6.6
The AvengersÂ ,alien invasion|assassin|battle|iron man|soldier,Joss Whedon,"Robert Downey Jr.,Chris Hemsworth,Scarlett Johansson",2012,8.1
Pirates of the Caribbean: On Stranger TidesÂ ,blackbeard|captain|pirate|revenge|soldier,Rob Marshall,"Sam Claflin,Johnny Depp,Stephen Graham",2011,6.7
Men in Black 3Â ,alien|criminal|m.i.b.|maximum security prison|prison,Barry Sonnenfeld,"Michael Stuhlbarg,Will Smith,Nicole Scherzinger",2012,6.8
The Hobbit: The Battle of the Five ArmiesÂ ,army|elf|hobbit|middle earth|orc,Peter Jackson,"Adam Brown,Aidan Turner,James Nesbitt",2014,7.5
The Amazing Spider-ManÂ ,lizard|outcast|spider|spider man|teenager,Marc Webb,"Andrew Garfield,Emma Stone,Chris Zylka",2012,7
Robin HoodÂ ,1190s|archer|england|king of england|robin hood,Ridley Scott,"William Hurt,Mark Addy,Scott Grimes",2010,6.7
The Hobbit: The Desolation of SmaugÂ ,dwarf|elf|lake town|mountain|sword and sorcery,Peter Jackson,"Adam Brown,Aidan Turner,James Nesbitt",2013,7.9
The Golden CompassÂ ,children|epic|friend|girl|quest,Chris Weitz,"Eva Green,Christopher Lee,Kristin Scott Thomas",2007,6.1
King KongÂ ,animal name in title|ape abducts a woman|gorilla|island|king kong,Peter Jackson,"Thomas Kretschmann,Naomi Watts,Evan Parke",2005,7.2
TitanicÂ ,artist|love|ship|titanic|wet,James Cameron,"Kate Winslet,Leonardo DiCaprio,Gloria Stuart",1997,7.7
Captain America: Civil WarÂ ,based on comic book|knife|marvel cinematic universe|returning character killed off|superhero,Anthony Russo,"Scarlett Johansson,Robert Downey Jr.,Chris Evans",2016,8.2
BattleshipÂ ,box office flop|hawaii|naval|oahu hawaii|ship,Peter Berg,"Alexander SkarsgÃ¥rd,Liam Neeson,Tadanobu Asano",2012,5.9
Jurassic WorldÂ ,dinosaur|disaster film|experiment gone wrong|jurassic park|velociraptor,Colin Trevorrow,"Judy Greer,Bryce Dallas Howard,Omar Sy",2015,7
SkyfallÂ ,brawl|childhood home|computer cracker|intelligence agency|terrorist cell,Sam Mendes,"Helen McCrory,Albert Finney,Rory Kinnear",2012,7.8
Spider-Man 2Â ,death|doctor|scientist|super villain|tentacle,Sam Raimi,"James Franco,J.K. Simmons,Kirsten Dunst",2004,7.3
Iron Man 3Â ,armor|explosion|human bomb|missile attack|terrorist,Shane Black,"Jon Favreau,Robert Downey Jr.,Don Cheadle",2013,7.2
Alice in WonderlandÂ ,alice in wonderland|mistaking reality for dream|queen|shrinking|shrinking potion,Tim Burton,"Alan Rickman,Johnny Depp,Anne Hathaway",2010,6.5
X-Men: The Last StandÂ ,battle|mutant|outrage|walking through a wall|x men,Brett Ratner,"Kelsey Grammer,Hugh Jackman,Daniel Cudmore",2006,6.8
Monsters UniversityÂ ,cheating|fraternity|monster|singing in a car|university,Dan Scanlon,"Tyler Labine,Steve Buscemi,Sean Hayes",2013,7.3
Transformers: Revenge of the FallenÂ ,autobot|decepticon|machine|sun|symbol,Michael Bay,"Kevin Dunn,Glenn Morshower,Ramon Rodriguez",2009,6
Transformers: Age of ExtinctionÂ ,blockbuster|bumblebee the character|semi truck and trailer|texas|truck,Michael Bay,"Sophia Myles,Bingbing Li,Kelsey Grammer",2014,5.7
Oz the Great and PowerfulÂ ,circus|magic|magician|oz|witch,Sam Raimi,"Mila Kunis,Tim Holmes,James Franco",2013,6.4
The Amazing Spider-Man 2Â ,costumed hero|death of girlfriend|masked vigilante|returning character killed off|teenager,Marc Webb,"Andrew Garfield,Emma Stone,B.J. Novak",2014,6.7
TRON: LegacyÂ ,arcade|bridge|disappearance|escape|warrior,Joseph Kosinski,"Olivia Wilde,Jeff Bridges,James Frain",2010,6.8
Cars 2Â ,best friend|car race|conspiracy|gadget car|spy,John Lasseter,"Thomas Kretschmann,Joe Mantegna,Eddie Izzard",2011,6.3
Green LanternÂ ,autopsy|lantern|planet|ring|test pilot,Martin Campbell,"Temuera Morrison,Ryan Reynolds,Taika Waititi",2011,5.6
Toy Story 3Â ,college|day care|escape|teddy bear|toy,Lee Unkrich,"John Ratzenberger,Tom Hanks,Don Rickles",2010,8.3
Terminator SalvationÂ ,death row|future|machine|rescue|skynet,McG,"Bryce Dallas Howard,Christian Bale,Common",2009,6.6
Furious 7Â ,car falling off a cliff|hospital|revenge|star died before release|terrorist,James Wan,"Paul Walker,Jason Statham,Vin Diesel",2015,7.2
World War ZÂ ,chaos|disease|infection|pandemic|zombie,Marc Forster,"Brad Pitt,Peter Capaldi,Mireille Enos",2013,7
X-Men: Days of Future PastÂ ,dystopia|super strength|supernatural power|time paradox|time travel,Bryan Singer,"Peter Dinklage,Jennifer Lawrence,Hugh Jackman",2014,8
Star Trek Into DarknessÂ ,admiral|captain|manhunt|mission|space,J.J. Abrams,"Bruce Greenwood,Benedict Cumberbatch,Noel Clarke",2013,7.8
Jack the Giant SlayerÂ ,bean|giant|king|no opening credits|princess,Bryan Singer,"Ewen Bremner,Eddie Marsan,Ralph Brown",2013,6.3
The Great GatsbyÂ ,ingratitude|mansion|party|title appears in writing|tragedy,Baz Luhrmann,"Elizabeth Debicki,Leonardo DiCaprio,Steve Bisley",2013,7.3
Prince of Persia: The Sands of TimeÂ ,alamut|dagger|king|persia|princess,Mike Newell,"Richard Coyle,Jake Gyllenhaal,Reece Ritchie",2010,6.6
Pacific RimÂ ,giant monster|kaiju|pilot|portal|robot,Guillermo del Toro,"Clifton Collins Jr.,Charlie Hunnam,Larry Joe Campbell",2013,7
Transformers: Dark of the MoonÂ ,autobot|decepticon|job interview|moon|spacecraft,Michael Bay,"Lester Speight,Glenn Morshower,Kevin Dunn",2011,6.3
Indiana Jones and the Kingdom of the Crystal SkullÂ ,cult figure|femme fatale|indiana jones|unsubtitled foreign language|year 1957,Steven Spielberg,"Ray Winstone,Harrison Ford,Jim Broadbent",2008,6.2
The Good DinosaurÂ ,apatosaurus|asteroid|dinosaur|fear|river,Peter Sohn,"Jack McGraw,A.J. Buckley,Peter Sohn",2015,6.8
BraveÂ ,archery|coming of age|female warrior|princess|rebellious daughter,Mark Andrews,"John Ratzenberger,Kelly Macdonald,Julie Walters",2012,7.2
Star Trek BeyondÂ ,hatred|sequel|space opera|star trek|third part,Justin Lin,"Melissa Roxburgh,Sofia Boutella,Lydia Wilson",2016,7.5
WALLÂ·EÂ ,earth|obesity|plant|robot|soil,Andrew Stanton,"Fred Willard,John Ratzenberger,Jeff Garlin",2008,8.4
Rush Hour 3Â ,ambassador|assassination|chinese|french|triad,Brett Ratner,"Dana Ivey,Tzi Ma,NoÃ©mie Lenoir",2007,6.2
2012Â ,ark|catastrophe|geologist|president|writer,Roland Emmerich,"Liam James,Oliver Platt,Tom McCarthy",2009,5.8
A Christmas CarolÂ ,charles dickens|christmas|christmas eve|ghost|scrooge,Robert Zemeckis,"Colin Firth,Robin Wright,Gary Oldman",2009,6.8
Jupiter AscendingÂ ,box office flop|critically bashed|planet earth|space opera|woman in bra and panties,Lana Wachowski,"Mila Kunis,Channing Tatum,Eddie Redmayne",2015,5.4
The Legend of TarzanÂ ,africa|capture|jungle|male objectification|tarzan,David Yates,"Alexander SkarsgÃ¥rd,Christoph Waltz,Casper Crump",2016,6.6
"The Chronicles of Narnia: The Lion, the Witch and the WardrobeÂ ",hide and seek|lion|magic|professor|snow,Andrew Adamson,"Kiran Shah,Jim Broadbent,Shane Rangi",2005,6.9
X-Men: ApocalypseÂ ,mutant|superhero|superhero team|x men|year 1983,Bryan Singer,"Michael Fassbender,Jennifer Lawrence,Tye Sheridan",2016,7.3
The Dark KnightÂ ,based on comic book|dc comics|psychopath|star died before release|urban setting,Christopher Nolan,"Heath Ledger,Christian Bale,Morgan Freeman",2008,9
UpÂ ,balloon|house|promise|retirement|skeleton,Pete Docter,"Delroy Lindo,John Ratzenberger,Jess Harnell",2009,8.3
Monsters vs. AliensÂ ,alien|alien invasion|alien space craft|giant|giantess,Rob Letterman,"Rainn Wilson,Amy Poehler,Stephen Colbert",2009,6.5
Iron ManÂ ,afghanistan|billionaire|inventor|playboy|u.s. air force,Jon Favreau,"Jeff Bridges,Robert Downey Jr.,Jon Favreau",2008,7.9
HugoÂ ,automaton|mechanical|railway station|steampunk|train,Martin Scorsese,"Christopher Lee,ChloÃ« Grace Moretz,Ray Winstone",2011,7.5
Wild Wild WestÂ ,buddy movie|general|inventor|steampunk|utah,Barry Sonnenfeld,"Salma Hayek,Will Smith,Bai Ling",1999,4.8
The Mummy: Tomb of the Dragon EmperorÂ ,army|china|emperor|mummy|shangri la,Rob Cohen,"Brendan Fraser,Jet Li,Russell Wong",2008,5.2
Suicide SquadÂ ,based on comic book|critically bashed|father daughter relationship|reference to superman|super villain,David Ayer,"Robin Atkin Downes,Will Smith,Ike Barinholtz",2016,6.9
Evan AlmightyÂ ,ark|change|congressman|depiction of god|flood,Tom Shadyac,"Morgan Freeman,Jimmy Bennett,Steve Carell",2007,5.4
Edge of TomorrowÂ ,alien|combat|dying repeatedly|end of the world|time loop,Doug Liman,"Lara Pulver,Tom Cruise,Noah Taylor",2014,7.9
WaterworldÂ ,future|sail|sea|smoker|water,Kevin Reynolds,"Rick Aviles,Jeanne Tripplehorn,Zakes Mokae",1995,6.1
G.I. Joe: The Rise of CobraÂ ,cobra|gi joe|snake|train|warhead,Stephen Sommers,"Dennis Quaid,Joseph Gordon-Levitt,Leo Howard",2009,5.8
Inside OutÂ ,anger|joy|memory|running away|sadness,Pete Docter,"Mindy Kaling,Amy Poehler,Phyllis Smith",2015,8.3
The Jungle BookÂ ,fire|jungle|remake|tiger|wolf,Jon Favreau,"Bill Murray,Scarlett Johansson,Garry Shandling",2016,7.8
Iron Man 2Â ,hammer|military|monaco|revenge|tony stark,Jon Favreau,"Scarlett Johansson,Robert Downey Jr.,Jon Favreau",2010,7
Snow White and the HuntsmanÂ ,evil queen|fairy tale|magic|queen|snow white,Rupert Sanders,"Kristen Stewart,Chris Hemsworth,Sam Claflin",2012,6.1
MaleficentÂ ,curse|dark fantasy|fairy|king|kingdom,Robert Stromberg,"Sharlto Copley,Angelina Jolie Pitt,Sam Riley",2014,7
Dawn of the Planet of the ApesÂ ,ape|dam|leader|post apocalypse|sequel,Matt Reeves,"Judy Greer,Gary Oldman,Kodi Smit-McPhee",2014,7.6
The LoversÂ ,1770s|british india|great barrier reef|india|ring,Roland JoffÃ©,"Alice Englert,Tamsin Egerton,Bipasha Basu",2015,4.5
47 RoninÂ ,box office flop|ronin|samurai|shogun|tournament,Carl Rinsch,"Cary-Hiroyuki Tagawa,Keanu Reeves,Jin Akanishi",2013,6.3
Captain America: The Winter SoldierÂ ,conspiracy|heroism|megalomaniac|super soldier|world domination,Anthony Russo,"Chris Evans,Scarlett Johansson,Hayley Atwell",2014,7.8
Shrek Forever AfterÂ ,alternate world|fairy tale parody|female warrior|ogre|true love,Mike Mitchell,"Kathy Griffin,Jon Hamm,Mary Kay Place",2010,6.4
TomorrowlandÂ ,boy genius|futuristic city|inventor|teenage girl|time travel,Brad Bird,"Chris Bauer,Judy Greer,Thomas Robinson",2015,6.5
Big Hero 6Â ,high tech|martial arts|masked man|robot|superhero,Don Hall,"Daniel Henney,Damon Wayans Jr.,Abraham Benrubi",2014,7.9
Wreck-It RalphÂ ,arcade|candy|glitch|king|medal,Rich Moore,"Sarah Silverman,Jack McBrayer,Joe Lo Truglio",2012,7.8
The Polar ExpressÂ ,boy|christmas|christmas eve|north pole|train,Robert Zemeckis,"Eddie Deezen,Tom Hanks,Peter Scolari",2004,6.6
Independence Day: ResurgenceÂ ,alien|battle|defense|independence day|mothership,Roland Emmerich,"Sela Ward,Vivica A. Fox,Judd Hirsch",2016,5.5
How to Train Your DragonÂ ,dragon|island|training|viking|village,Dean DeBlois,"America Ferrera,Gerard Butler,Craig Ferguson",2010,8.2
Terminator 3: Rise of the MachinesÂ ,drifter|exploding truck|future|machine|skynet,Jonathan Mostow,"M.C. Gainey,Nick Stahl,Carolyn Hennesy",2003,6.4
Guardians of the GalaxyÂ ,bounty hunter|outer space|raccoon|talking animal|tree,James Gunn,"Vin Diesel,Bradley Cooper,Djimon Hounsou",2014,8.1
InterstellarÂ ,black hole|father daughter relationship|saving the world|space travel|wormhole,Christopher Nolan,"Anne Hathaway,Matthew McConaughey,Mackenzie Foy",2014,8.6
InceptionÂ ,ambiguous ending|corporate espionage|dream|subconscious|thief,Christopher Nolan,"Tom Hardy,Leonardo DiCaprio,Joseph Gordon-Levitt",2010,8.8
Godzilla ResurgenceÂ ,blood|godzilla|monster|sequel,Hideaki Anno,"Shin'ya Tsukamoto,Mark Chinnery,Atsuko Maeda",2016,8.2
The Hobbit: An Unexpected JourneyÂ ,dragon|dwarf|hobbit|orc|wizard,Peter Jackson,"Adam Brown,Aidan Turner,James Nesbitt",2012,7.9
The Fast and the FuriousÂ ,eighteen wheeler|illegal street racing|truck|trucker|undercover cop,Rob Cohen,"Vin Diesel,Paul Walker,Jordana Brewster",2001,6.7
The Curious Case of Benjamin ButtonÂ ,deformed baby|diary|lingerie slip|older man younger woman relationship|premature aging,David Fincher,"Jason Flemyng,Brad Pitt,Julia Ormond",2008,7.8
X-Men: First ClassÂ ,cia|cia agent|mutant|nuclear war|professor,Matthew Vaughn,"Michael Fassbender,Jennifer Lawrence,Oliver Platt",2011,7.8
The Hunger Games: Mockingjay - Part 2Â ,death of sister|dystopia|execution|rebellion|revolution,Francis Lawrence,"Philip Seymour Hoffman,Jennifer Lawrence,Josh Hutcherson",2015,6.6
The Sorcerer's ApprenticeÂ ,chosen one|enchanted object|love|spell|training,Jon Turteltaub,"Omar Benson Miller,Nicolas Cage,Robert Capron",2010,6.1
PoseidonÂ ,cruise|escape|ocean|passenger|water,Wolfgang Petersen,"Mike Vogel,Jimmy Bennett,Andre Braugher",2006,5.6
Alice Through the Looking GlassÂ ,clock|dark fantasy|mad hatter|queen|sequel,James Bobin,"Alan Rickman,Johnny Depp,Anne Hathaway",2016,6.4
Shrek the ThirdÂ ,disney spoof|fairy tale|prince|princess|tough guy,Chris Miller,"Eric Idle,Justin Timberlake,Rupert Everett",2007,6.1
WarcraftÂ ,based on video game|fictional language|fictional war|orc|sword and sorcery,Duncan Jones,"Callum Rennie,Dominic Cooper,Ruth Negga",2016,7.3
Terminator GenisysÂ ,alternate timeline|cyborg|future|robot|time machine,Alan Taylor,"Emilia Clarke,J.K. Simmons,Matt Smith",2015,6.6
The Chronicles of Narnia: The Voyage of the Dawn TreaderÂ ,dragon|king|mouse|quest|warrior,Michael Apted,"Shane Rangi,Bruce Spence,Laura Brent",2010,6.3
Pearl HarborÂ ,air raid|black smoke|japanese military|japanese navy|sunday,Michael Bay,"Jaime King,Jennifer Garner,Mako",2001,6.1
TransformersÂ ,alien contact|autobot|decepticon|robot vs. robot|teenage hero,Michael Bay,"Michael O'Neill,Zack Ward,Kevin Dunn",2007,7.1
AlexanderÂ ,ancient greece|conquest|greek|greek myth|king,Oliver Stone,"Angelina Jolie Pitt,Anthony Hopkins,Brian Blessed",2004,5.5
Harry Potter and the Order of the PhoenixÂ ,battle|magic|school|teacher|wizard,David Yates,"Daniel Radcliffe,Robert Pattinson,Fiona Shaw",2007,7.5
Harry Potter and the Goblet of FireÂ ,fire|goblet|magic|tournament|wizard,Mike Newell,"Daniel Radcliffe,Robert Pattinson,Rupert Grint",2005,7.6
HancockÂ ,bully comeuppance|destruction|prison|superhero|tough girl,Peter Berg,"Charlize Theron,Will Smith,Eddie Marsan",2008,6.4
I Am LegendÂ ,new york city|pandemic|post apocalypse|survivalist|virus,Francis Lawrence,"Alice Braga,Will Smith,Willow Smith",2007,7.2
Charlie and the Chocolate FactoryÂ ,chocolate|diminution|miniaturization|physical flexability|ticket,Tim Burton,"Christopher Lee,Johnny Depp,David Kelly",2005,6.7
RatatouilleÂ ,chef|food|french|rat|restaurant,Brad Bird,"John Ratzenberger,Janeane Garofalo,Brian Dennehy",2007,8
Batman BeginsÂ ,armored car|gangster|gotham|mixed martial arts|social decay,Christopher Nolan,"Liam Neeson,Christian Bale,Morgan Freeman",2005,8.3
Madagascar: Escape 2 AfricaÂ ,africa|madagascar|new york city|sequel|zoo,Eric Darnell,"Jada Pinkett Smith,Bernie Mac,Cedric the Entertainer",2008,6.7
Night at the Museum: Battle of the SmithsonianÂ ,hdtv|motorcycle|museum|security guard|tyrannosaurus rex,Shawn Levy,"Rami Malek,Robin Williams,Steve Coogan",2009,5.9
X-Men Origins: WolverineÂ ,army|civil war|claw fight|commando|wolverine the character,Gavin Hood,"Ryan Reynolds,Hugh Jackman,Dominic Monaghan",2009,6.7
The Matrix RevolutionsÂ ,battle|epic|fight|future|machine,Lana Wachowski,"Collin Chou,Essie Davis,Nona Gaye",2003,6.7
FrozenÂ ,magic|sister love|sister sister relationship|snow|snowman,Chris Buck,"Maurice LaMarche,Josh Gad,Livvy Stubenrauch",2013,7.6
The Matrix ReloadedÂ ,car motorcycle chase|one against many|oracle|prophecy|stylized violence,Lana Wachowski,"Daniel Bernhardt,Steve Bastoni,Helmut Bakaitis",2003,7.2
Thor: The Dark WorldÂ ,arrest|portal|thor|warrior|weapon,Alan Taylor,"Natalie Portman,Chris Hemsworth,Anthony Hopkins",2013,7.1
Mad Max: Fury RoadÂ ,australia|desert|escape|on the run|post apocalypse,George Miller,"Charlize Theron,Tom Hardy,ZoÃ« Kravitz",2015,8.1
Angels & DemonsÂ ,conclave|illuminati|murder|reference to bernini|reference to raphael,Ron Howard,"Ayelet Zurer,Tom Hanks,Armin Mueller-Stahl",2009,6.7
ThorÂ ,battle|marvel cinematic universe|scientist|thor|throne,Kenneth Branagh,"Natalie Portman,Chris Hemsworth,Anthony Hopkins",2011,7
BoltÂ ,cat|dog|hamster|new york city|superpower,Byron Howard,"Diedrich Bader,ChloÃ« Grace Moretz,James Lipton",2008,6.9
G-ForceÂ ,fbi director|guinea pig|household appliance|secret agent|talking mouse,Hoyt Yeatman,"Piper Mackenzie Harris,Kelli Garner,Niecy Nash",2009,5.1
Wrath of the TitansÂ ,ares|hades|titan|underworld|zeus,Jonathan Liebesman,"Edgar RamÃ­rez,Liam Neeson,Lily James",2012,5.8
Dark ShadowsÂ ,camera shot of feet|cartoon on tv|female stockinged feet|female stockinged soles|foot closeup,Tim Burton,"ChloÃ« Grace Moretz,Johnny Depp,Christopher Lee",2012,6.2
Mission: Impossible - Rogue NationÂ ,capture|computer hacker|mission|rogue agent|spy,Christopher McQuarrie,"Jeremy Renner,Tom Cruise,Sean Harris",2015,7.4
The WolfmanÂ ,asylum|death|full moon|transformation|werewolf,Joe Johnston,"Simon Merrells,Anthony Hopkins,Art Malik",2010,5.8
The Legend of TarzanÂ ,africa|capture|jungle|male objectification|tarzan,David Yates,"Alexander SkarsgÃ¥rd,Christoph Waltz,Casper Crump",2016,6.6
Bee MovieÂ ,bee|dream sequence|egg|scatological humor|squashed bug,Steve Hickner,"Oprah Winfrey,Matthew Broderick,Rip Torn",2007,6.2
Kung Fu Panda 2Â ,china|kung fu|panda|peacock|tigress,Jennifer Yuh Nelson,"Gary Oldman,Angelina Jolie Pitt,Mike Bell",2011,7.3
The Last AirbenderÂ ,avatar|fire|kingdom|tribe|water,M. Night Shyamalan,"Noah Ringer,Seychelle Gabriel,Aasif Mandvi",2010,4.2
Mission: Impossible IIIÂ ,arms dealer|fictional government agency|mission|rescue|vatican,J.J. Abrams,"Tom Cruise,Philip Seymour Hoffman,Eddie Marsan",2006,6.9
White House DownÂ ,black u.s. president|president|secret service|tour|white house,Roland Emmerich,"Jake Weber,Channing Tatum,Matt Craven",2013,6.4
Mars Needs MomsÂ ,boy|martian|rescue|robot|sexism,Simon Wells,"Dan Fogler,Elisabeth Harnois,Tom Everett Scott",2011,5.4
Flushed AwayÂ ,boat|frog|rat|sewer|toad,David Bowers,"Kate Winslet,Hugh Jackman,David Suchet",2006,6.7
PanÂ ,1940s|child hero|fantasy world|orphan|reference to peter pan,Joe Wright,"Cara Delevingne,Hugh Jackman,Nonso Anozie",2015,5.8
Mr. Peabody & ShermanÂ ,dog|father son relationship|inventor|talking dog|time travel,Rob Minkoff,"Zach Callison,Ty Burrell,Karan Brar",2014,6.9
TroyÂ ,greek|mythology|prince|trojan|troy,Wolfgang Petersen,"Orlando Bloom,Brad Pitt,Julian Glover",2004,7.2
Madagascar 3: Europe's Most WantedÂ ,animal|circus|island name in title|lemur|penguin,Eric Darnell,"Martin Short,Jada Pinkett Smith,Cedric the Entertainer",2012,6.9
Die Another DayÂ ,catfight|clinic|colonel|diamond|patricide,Lee Tamahori,"Colin Salmon,Toby Stephens,Rick Yune",2002,6.1
GhostbustersÂ ,ghost|ghostbuster|ghostbusters|male objectification|reboot,Paul Feig,"Kate McKinnon,Ed Begley Jr.,Zach Woods",2016,5.5
ArmageddonÂ ,asteroid|astronaut|bomb|meteorite|outer space,Michael Bay,"Steve Buscemi,Bruce Willis,Will Patton",1998,6.6
Men in Black IIÂ ,alien|lingerie|lingerie model|m.i.b.|pug,Barry Sonnenfeld,"Rosario Dawson,Will Smith,Rip Torn",2002,6.1
BeowulfÂ ,creature|demon|king|reward|warrior,Robert Zemeckis,"Anthony Hopkins,Robin Wright,Sebastian RochÃ©",2007,6.3
Kung Fu Panda 3Â ,china|kung fu|panda|pig|village,Alessandro Carloni,"Angelina Jolie Pitt,J.K. Simmons,Wayne Knight",2016,7.2
Mission: Impossible - Ghost ProtocolÂ ,dubai|kremlin|race against time|russian|terrorist,Brad Bird,"Jeremy Renner,Tom Cruise,Michael Nyqvist",2011,7.4
Rise of the GuardiansÂ ,belief|box office hit|children|new york city|tooth,Peter Ramsey,"Kamil McFadden,Hugh Jackman,Khamani Griffin",2012,7.3
Fun with Dick and JaneÂ ,animal abuse|ceo|heist|suburb|unemployment,Dean Parisot,"Richard Burgi,John Michael Higgins,David Herman",2005,6.1
The Last SamuraiÂ ,captain|emperor|honor|japan|samurai,Edward Zwick,"Tony Goldwyn,Tom Cruise,Chad Lindberg",2003,7.7
Exodus: Gods and KingsÂ ,egypt|exodus|moses|pharaoh|plague,Ridley Scott,"MarÃ­a Valverde,Christian Bale,Ben Mendelsohn",2014,6.1
Star TrekÂ ,box office hit|future|lifted by the throat|star trek|vulcan,J.J. Abrams,"Leonard Nimoy,Chris Hemsworth,Bruce Greenwood",2009,8
Spider-ManÂ ,evil|goblin|spider|spider man|superhero,Sam Raimi,"James Franco,J.K. Simmons,Kirsten Dunst",2002,7.3
How to Train Your Dragon 2Â ,dragon|father son relationship|husband wife relationship|mother son relationship|viking,Dean DeBlois,"Djimon Hounsou,Gerard Butler,America Ferrera",2014,7.9
Gods of EgyptÂ ,ancient egypt|egypt|egyptian|egyptian god|egyptian goddess,Alex Proyas,"Elodie Yung,Gerard Butler,Bryan Brown",2016,5.5
StealthÂ ,artificial intelligence|box office flop|fighter jet|navy|pilot,Rob Cohen,"Joe Morton,Sam Shepard,Richard Roxburgh",2005,5
WatchmenÂ ,conspiracy|cynicism|false promise of the american dream|male full frontal nudity|male nudity,Zack Snyder,"Billy Crudup,Matt Frewer,Stephen McHattie",2009,7.7
Lethal Weapon 4Â ,kung fu|lapd|martial arts|private investigator|triad,Richard Donner,"Rene Russo,Jet Li,Darlene Love",1998,6.6
HulkÂ ,1980s|c 130 hercules|monster|panzer|san francisco california,Ang Lee,"Regi Davis,Kevin Rankin,Celia Weston",2003,5.7
G.I. Joe: RetaliationÂ ,general|gi joe|martial arts|ninja|president,Jon M. Chu,"Dwayne Johnson,Channing Tatum,Elodie Yung",2013,5.8
SaharaÂ ,beach|civil war|desert|dictator|ship,Breck Eisner,"Rainn Wilson,Matthew McConaughey,Delroy Lindo",2005,6
Final Fantasy: The Spirits WithinÂ ,general|military|scientist|soldier|year 2065,Hironobu Sakaguchi,"Ming-Na Wen,Steve Buscemi,Jean Simmons",2001,6.4
Captain America: The First AvengerÂ ,arctic|captain america|scientist|tesseract|war bond,Joe Johnston,"Dominic Cooper,Chris Evans,Hayley Atwell",2011,6.9
The World Is Not EnoughÂ ,british|oil|scientist|terrorist|tycoon,Michael Apted,"Maria Grazia Cucinotta,Colin Salmon,Desmond Llewelyn",1999,6.4
Master and Commander: The Far Side of the WorldÂ ,1800s|napoleonic wars|pursuit|royal navy|ship,Peter Weir,"Lee Ingleby,James D'Arcy,David Threlfall",2003,7.4
The Twilight Saga: Breaking Dawn - Part 2Â ,battle|friend|super strength|vampire|vision,Bill Condon,"Kristen Stewart,Robert Pattinson,Taylor Lautner",2012,5.5
Happy Feet 2Â ,3d|antarctica|krill|penguin|sequel,George Miller,"Brad Pitt,Robin Williams,Common",2011,5.9
The Incredible HulkÂ ,antidote|cure|hulk|marvel cinematic universe|opening action scene,Louis Leterrier,"Peter Mensah,Ty Burrell,William Hurt",2008,6.8
Miami ViceÂ             ,cult tv|detective|drugs|police|undercover,,"Philip Michael Thomas,Don Johnson,John Diehl",,7.5
The BFGÂ ,cannibal|evil brother|giant|london england|queen,Steven Spielberg,"Penelope Wilton,Mark Rylance,Rafe Spall",2016,6.8
The RevenantÂ ,bear attack|cauterizing a wound|native american|revenge|survival,Alejandro G. IÃ±Ã¡rritu,"Tom Hardy,Leonardo DiCaprio,Lukas Haas",2015,8.1
TurboÂ ,accident|freak accident|race|snail|underdog,David Soren,"Snoop Dogg,Ryan Reynolds,Ben Schwartz",2013,6.5
RangoÂ ,chameleon|lizard|sheriff|water|western town,Gore Verbinski,"Ray Winstone,Johnny Depp,Stephen Root",2011,7.2
Penguins of MadagascarÂ ,little girl|park|spy|statue of liberty|television van,Eric Darnell,"Annet Mahendru,Benedict Cumberbatch,Andy Richter",2014,6.7
The Bourne UltimatumÂ ,action hero|cia|dark past|flashback|memory,Paul Greengrass,"Edgar RamÃ­rez,Matt Damon,Albert Finney",2007,8.1
Kung Fu PandaÂ ,kung fu|kung fu master|master|panda|snow leopard,Mark Osborne,"Wayne Knight,Angelina Jolie Pitt,Dan Fogler",2008,7.6
Ant-ManÂ ,ant|chinatown san francisco|heist|sabotage|vault,Peyton Reed,"Hayley Atwell,Judy Greer,T.I.",2015,7.4
The Hunger Games: Catching FireÂ ,president|snow|television|tour|uprising,Francis Lawrence,"Josh Hutcherson,Jennifer Lawrence,Sandra Ellis Lafferty",2013,7.6
The Twilight Saga: Breaking Dawn - Part 2Â ,battle|friend|super strength|vampire|vision,Bill Condon,"Kristen Stewart,Robert Pattinson,Taylor Lautner",2012,5.5
HomeÂ ,alien friendship|alien invasion|australia|flying car|mother daughter relationship,Tim Johnson,"Matt Jones,Jim Parsons,April Winchell",2015,6.7
War of the WorldsÂ ,alien|fight|storm|survival|tripod,Steven Spielberg,"Lisa Ann Walter,Tom Cruise,Rick Gonzalez",2005,6.5
Bad Boys IIÂ ,cuba|dea|drugs|money|undercover,Michael Bay,"Henry Rollins,Will Smith,Jordi MollÃ ",2003,6.6
Puss in BootsÂ ,betrayal|egg|friend|goose|hero,Chris Miller,"Constance Marie,Salma Hayek,Amy Sedaris",2011,6.7
SaltÂ ,cia|on the run|russian|russian spy|strong female lead,Phillip Noyce,"Andre Braugher,Angelina Jolie Pitt,August Diehl",2010,6.4
NoahÂ ,ark|flood|noah's ark|water|wrath of god,Darren Aronofsky,"Emma Watson,Anthony Hopkins,Logan Lerman",2014,5.8
The Adventures of TintinÂ ,captain|morocco|ship|tintin|treasure,Steven Spielberg,"Mackenzie Crook,Toby Jones,Tony Curran",2011,7.4
Harry Potter and the Prisoner of AzkabanÂ ,magic|muggle|serial killer|traitor|wizard,Alfonso CuarÃ³n,"Gary Oldman,Daniel Radcliffe,Rupert Grint",2004,7.8
AustraliaÂ ,australia|cattle|darwin|drover|japanese,Baz Luhrmann,"Bryan Brown,Essie Davis,Eddie Baroo",2008,6.6
After EarthÂ ,box office flop|father son team|fear|race against time|real life father and son playing father and son,M. Night Shyamalan,"ZoÃ« Kravitz,Will Smith,Glenn Morshower",2013,4.9
DinosaurÂ ,egg|iguanodon|lemur|meteor|nesting grounds,Eric Leighton,"D.B. Sweeney,Alfre Woodard,Della Reese",2000,6.5
Harry Potter and the Deathly Hallows: Part IIÂ ,,Matt Birch,"Dave Legeno,Rupert Grint,Ralph Ineson",2011,7.5
Night at the Museum: Secret of the TombÂ ,museum|museum of natural history manhattan new york city|night watchman|star died before release|tablet,Shawn Levy,"Rami Malek,Robin Williams,Steve Coogan",2014,6.2
MegamindÂ ,battle|city|planet|prison|superhero,Tom McGrath,"Brad Pitt,J.K. Simmons,Will Ferrell",2010,7.3
Harry Potter and the Sorcerer's StoneÂ ,based on novel|birthday|evil wizard|quidditch|wizard,Chris Columbus,"Fiona Shaw,Daniel Radcliffe,Verne Troyer",2001,7.5
R.I.P.D.Â ,drug dealer|gold|partner|police|undead,Robert Schwentke,"Jeff Bridges,Ryan Reynolds,Stephanie Szostak",2013,5.6
Godzilla ResurgenceÂ ,blood|godzilla|monster|sequel,Hideaki Anno,"Shin'ya Tsukamoto,Mark Chinnery,Atsuko Maeda",2016,8.2
Pirates of the Caribbean: The Curse of the Black PearlÂ ,caribbean|curse|governor|pirate|undead,Gore Verbinski,"Orlando Bloom,Johnny Depp,Jack Davenport",2003,8.1
Harry Potter and the Deathly Hallows: Part IÂ ,,Matt Birch,"Toby Jones,Rupert Grint,Alfred Enoch",2010,6.4
The Hunger Games: Mockingjay - Part 1Â ,based on young adult novel|manipulation|rebellion|symbol|uprising,Francis Lawrence,"Philip Seymour Hoffman,Jennifer Lawrence,Josh Hutcherson",2014,6.7
The Da Vinci CodeÂ ,based on supposedly true story|holy grail|mary magdalene|opus dei|secret,Ron Howard,"Seth Gabel,Tom Hanks,JÃ¼rgen Prochnow",2006,6.6
Rio 2Â ,amazon|bird|father in law|jungle|no opening credits,Carlos Saldanha,"Rachel Crow,Miguel Ferrer,Jeffrey Garcia",2014,6.4
X-Men 2Â ,mutant|prison|professor|school|x men,Bryan Singer,"Bruce Davison,Hugh Jackman,Aaron Stanford",2003,7.5
Fast FiveÂ ,drug lord|drugs|federal agent|heist|police,Justin Lin,"Vin Diesel,Paul Walker,Dwayne Johnson",2011,7.3
Sherlock Holmes: A Game of ShadowsÂ ,factory|gypsy|investigation|sherlock holmes|train,Guy Ritchie,"Eddie Marsan,Robert Downey Jr.,Paul Anderson",2011,7.5
Clash of the TitansÂ ,famous line|hand to hand combat|kraken|rape|zeus,Louis Leterrier,"Jason Flemyng,Liam Neeson,Alexa Davalos",2010,5.8
Total RecallÂ ,ambiguous ending|false memory|implanted memory|memory|space colony,Paul Verhoeven,"Rachel Ticotin,Ronny Cox,Marshall Bell",1990,7.5
The 13th WarriorÂ ,arab|battle|combat|viking|warrior,John McTiernan,"Vladimir Kulich,Tony Curran,Clive Russell",1999,6.6
The Bourne LegacyÂ ,assassin|cia|drone|pill|wolf,Tony Gilroy,"Scott Glenn,Jeremy Renner,Stacy Keach",2012,6.7
Batman & RobinÂ ,butler|critically bashed|cure|freeze|gotham,Joel Schumacher,"Vivica A. Fox,Michael Gough,John Glover",1997,3.7
How the Grinch Stole ChristmasÂ ,box office hit|christmas|materialism|public humiliation|snowflake,Ron Howard,"T.J. Thyne,Clint Howard,Molly Shannon",2000,6
The Day After TomorrowÂ ,climate|end of the world|global warming|natural disaster|weather,Roland Emmerich,"Dennis Quaid,Jake Gyllenhaal,Sela Ward",2004,6.4
Mission: Impossible IIÂ ,cure|mission|terrorist|thief|virus,John Woo,"Dougray Scott,Tom Cruise,Richard Roxburgh",2000,6.1
The Perfect StormÂ ,death|fish|fishing|sea|storm,Wolfgang Petersen,"Mary Elizabeth Mastrantonio,Karen Allen,Bob Gunton",2000,6.4
Fantastic 4: Rise of the Silver SurferÂ ,fantastic four|space|strong female character|strong female lead|superheroine,Tim Story,"Ioan Gruffudd,Chris Evans,Andre Braugher",2007,5.6
Life of PiÂ ,animal|faith|india|journey|tiger,Ang Lee,"Rafe Spall,Suraj Sharma,Tabu",2012,8
Ghost RiderÂ ,blackheart|devil|father|ghost|mephistopheles,Mark Steven Johnson,"Matt Long,Nicolas Cage,Peter Fonda",2007,5.2
Jason BourneÂ ,black ops|chase|cia|cia agent|repeated scene,Paul Greengrass,"Riz Ahmed,Matt Damon,Ato Essandoh",2016,7.1
Charlie's Angels: Full ThrottleÂ ,fbi|murder|ring|witness protection|witness protection program,McG,"Bernie Mac,Demi Moore,Justin Theroux",2003,4.8
PrometheusÂ ,cave painting|medical scanner|planet|pregnant with an alien fetus|suspended animation,Ridley Scott,"Charlize Theron,Michael Fassbender,Sean Harris",2012,7
Stuart Little 2Â ,anthropomorphic mouse|falcon|marshmallow|second part|soccer,Rob Minkoff,"Brad Garrett,Nathan Lane,Melanie Griffith",2002,5.4
ElysiumÂ ,christ figure|class differences|messiah|saviour|social commentary,Neill Blomkamp,"Sharlto Copley,Matt Damon,Alice Braga",2013,6.6
The Chronicles of RiddickÂ ,bounty hunter|escape|necromonger|planet|warrior,David Twohy,"Alexa Davalos,Vin Diesel,Christina Cox",2004,6.7
RoboCopÂ ,law enforcement|police|robocop|robot|technology,JosÃ© Padilha,"Abbie Cornish,Gary Oldman,Jennifer Ehle",2014,6.2
Speed RacerÂ ,based on anime|based on cartoon|gadget car|racer|speed,Lana Wachowski,"Kick Gurry,Scott Porter,Nicholas Elia",2008,6.1
How Do You KnowÂ ,embarrassment|falling in love|love|love triangle|revelation,James L. Brooks,"Domenick Lombardozzi,Shelley Conn,Teyonah Parris",2010,5.3
Knight and DayÂ ,chase|fbi|garage|spy|surveillance,James Mangold,"Marc Blucas,Tom Cruise,Jordi MollÃ ",2010,6.3
OblivionÂ ,cabin in the woods|drone|flying through a thunderstorm|post apocalypse|sex in a pool,Joseph Kosinski,"Tom Cruise,Morgan Freeman,ZoÃ« Bell",2013,7
Star Wars: Episode III - Revenge of the SithÂ ,elongated cry of no|friends become enemies|kicked in the butt|robotic midwife|vision,George Lucas,"Christopher Lee,Natalie Portman,Hayden Christensen",2005,7.6
Star Wars: Episode II - Attack of the ClonesÂ ,martial arts|murdered before giving protagonist information|part computer animation|prequel|prequel to cult film,George Lucas,"Christopher Lee,Natalie Portman,Hayden Christensen",2002,6.7
"Monsters, Inc.Â ",friend|little girl|monster|rival|scream,Pete Docter,"John Ratzenberger,Steve Buscemi,James Coburn",2001,8.1
The WolverineÂ ,healing power|marvel comics|mecha|regeneration|self healing,James Mangold,"Tao Okamoto,Hugh Jackman,Rila Fukushima",2013,6.7
Star Wars: Episode I - The Phantom MenaceÂ ,alien|character says i have a bad feeling about this|hand to hand combat|seven word title|wilhelm scream,George Lucas,"Liam Neeson,Natalie Portman,Ian McDiarmid",1999,6.5
The CroodsÂ ,cave|caveman|journey|strict father|survival,Kirk De Micco,"Emma Stone,Ryan Reynolds,Nicolas Cage",2013,7.3
Asterix at the Olympic GamesÂ ,1st century b.c.|lightsaber|local blockbuster|magical potion|potion,FrÃ©dÃ©ric Forestier,"Santiago Segura,Alain Delon,Vanessa Hessler",2008,5.1
WindtalkersÂ ,code|duty|steel helmet|u.s. marine|u.s. soldier,John Woo,"Roger Willie,Nicolas Cage,Noah Emmerich",2002,6
The Huntsman: Winter's WarÂ ,based on fairy tale|dark fantasy|fairy tale|second part|sequel,Cedric Nicolas-Troyan,"Sam Claflin,Chris Hemsworth,Charlize Theron",2016,6.1
Teenage Mutant Ninja TurtlesÂ ,18 wheeler|mutant|ninja|sewer|turtle,Jonathan Liebesman,"Danny Woodburn,Noel Fisher,Jeremy Howard",2014,5.9
GravityÂ ,box office hit|long take|sole survivor|space|space station,Alfonso CuarÃ³n,"Basher Savage,Phaldut Sharma,Amy Warren",2013,7.8
Dante's PeakÂ ,ash|escape|lava|mayor|volcano,Roger Donaldson,"Grant Heslov,Jamie RenÃ©e Smith,Tzi Ma",1997,5.8
Teenage Mutant Ninja Turtles: Out of the ShadowsÂ ,based on comic book|brother brother relationship|rat|sequel|turtle,Dave Green,"Noel Fisher,Stephen Amell,Brad Garrett",2016,6.3
Fantastic FourÂ ,box office flop|critically bashed|portal|teleportation|troubled production,Josh Trank,"Reg E. Cathey,Tim Blake Nelson,Tim Heidecker",2015,4.3
Night at the MuseumÂ ,chaos|museum|museum of natural history|night watchman|watchman,Shawn Levy,"Rami Malek,Robin Williams,Steve Coogan",2006,6.4
San AndreasÂ ,disaster movie|earthquake|journey|natural disaster|san andreas fault,Brad Peyton,"Ioan Gruffudd,Dwayne Johnson,Archie Panjabi",2015,6.1
Tomorrow Never DiesÂ ,ex boyfriend ex girlfriend relationship|media tycoon|megalomaniac|official james bond series|world war three,Roger Spottiswoode,"Colin Salmon,Vincent Schiavelli,Joe Don Baker",1997,6.5
The PatriotÂ ,american revolution|british|french|hero|standoff,Roland Emmerich,"Adam Baldwin,Heath Ledger,Tom Wilkinson",2000,7.1
Ocean's TwelveÂ ,father daughter relationship|heist|pretending to be pregnant|sequel|thief,Steven Soderbergh,"Julia Roberts,Brad Pitt,Mini Anden",2004,6.4
Mr. & Mrs. SmithÂ ,assassin|marriage|secret agent|suburb|target,Doug Liman,"Angelina Jolie Pitt,Brad Pitt,Stephanie March",2005,6.5
InsurgentÂ ,action heroine|falling from height|mind control|trainhopping|truth serum,Robert Schwentke,"Theo James,Kate Winslet,Mekhi Phifer",2015,6.3
The AviatorÂ ,1920s|aviation|fight|spruce goose|test flight,Martin Scorsese,"Adam Scott,Leonardo DiCaprio,Frances Conroy",2004,7.5
Gulliver's TravelsÂ ,bermuda triangle|box office hit|shipwrecked|travel|travel writer,Rob Letterman,"Catherine Tate,James Corden,Olly Alexander",2010,4.9
The Green HornetÂ ,heir|kung fu|party|playboy|superhero,Michel Gondry,"Tom Wilkinson,Christoph Waltz,Chad L. Coleman",2011,5.8
The A-TeamÂ             ,1980s|cult tv|famous opening theme|good versus evil|hero for hire,,"Dirk Benedict,George Peppard,Dwight Schultz",,7.6
300: Rise of an EmpireÂ ,army|commander|female rear nudity|greek|navy,Noam Murro,"Sullivan Stapleton,Eva Green,Peter Mensah",2014,6.2
The SmurfsÂ ,blue|new york|new york city|no opening credits|smurf,Raja Gosnell,"Tim Gunn,Mahadeo Shivraj,Madison McKinley",2011,5.5
Home on the RangeÂ ,cattle|cow|dairy farm|farm|rustler,Will Finn,"Roseanne Barr,Steve Buscemi,G.W. Bailey",2004,5.4
AllegiantÂ ,based on young adult novel|dystopia|genetic experimentation|strong female character|strong female lead,Robert Schwentke,"Theo James,Naomi Watts,ZoÃ« Kravitz",2016,5.8
Real SteelÂ ,arena|boxing|boxing movie|robot|robot battle,Shawn Levy,"Torey Michael Adkins,Hugh Jackman,Olga Fonda",2011,7.1
The Smurfs 2Â ,based on cartoon|box office hit|no opening credits|sequel|smurf,Raja Gosnell,"Nancy O'Dell,Jacob Tremblay,Vanessa Matsui",2013,5.4
Speed 2: Cruise ControlÂ ,collision course|computer|cruise|diamonds|ship run aground,Jan de Bont,"Temuera Morrison,Jason Patric,Lois Chiles",1997,3.7
Ender's GameÂ ,alien|future|manipulation|simulation|training,Gavin Hood,"Moises Arias,Harrison Ford,Aramis Knight",2013,6.7
Live Free or Die HardÂ ,fbi|hacker|independence day|police|terrorist,Len Wiseman,"Jonathan Sadowski,Bruce Willis,Cyril Raffaelli",2007,7.2
The Lord of the Rings: The Fellowship of the RingÂ ,elf|hobbit|middle earth|quest|ring,Peter Jackson,"Orlando Bloom,Christopher Lee,Billy Boyd",2001,8.8
Around the World in 80 DaysÂ ,19th century|around the world|inventor|martial arts|train,Frank Coraci,"Steve Coogan,Jim Broadbent,CÃ©cile De France",2004,5.8
AliÂ ,african american protagonist|african americans|boxing gym|gym|rumble in the jungle,Michael Mann,"Jada Pinkett Smith,Will Smith,Joe Morton",2001,6.8
The Cat in the HatÂ ,based on cult comic book|cat|home alone|imagination|talking cat,Bo Welch,"Kelly Preston,Sean Hayes,Spencer Breslin",2003,3.8
"I, RobotÂ ",humanoid robot|man versus machine|prosthetic limb|robot as pathos|robot vs. robot,Alex Proyas,"Bruce Greenwood,Will Smith,Chi McBride",2004,7.1
Kingdom of HeavenÂ ,12th century|crusader|jerusalem|knight|medieval times,Ridley Scott,"Orlando Bloom,Liam Neeson,Philip Glenister",2005,7.2
Stuart LittleÂ ,box office hit|cat|first part|mouse|orphanage,Rob Minkoff,"Nathan Lane,Chazz Palminteri,Jeffrey Jones",1999,5.9
The Princess and the FrogÂ ,amphibian|dream|frog|frog prince|waitress,Ron Clements,"Jenifer Lewis,Oprah Winfrey,Anika Noni Rose",2009,7.1
The MartianÂ ,astronaut|international cooperation|left for dead|nasa|space habitat,Ridley Scott,"Donald Glover,Matt Damon,Benedict Wong",2015,8.1
"10,000 B.C.Â             ",,Christopher Barnard,",Mathew Buck,",,7.2
The IslandÂ ,clone|environment|escape|island|lottery,Michael Bay,"Steve Buscemi,Scarlett Johansson,Djimon Hounsou",2005,6.9
Town & CountryÂ ,anniversary|architect|cellist|friend|hardware store,Peter Chelsom,"Warren Beatty,Del Zamora,Garry Shandling",2001,4.4
Gone in Sixty SecondsÂ ,auto theft|brother|car|theft|thief,Dominic Sena,"Angelina Jolie Pitt,Nicolas Cage,Robert Duvall",2000,6.5
GladiatorÂ ,battlefield|blood|combat|gladiator|roman empire,Ridley Scott,"Connie Nielsen,Djimon Hounsou,Oliver Reed",2000,8.5
Minority ReportÂ ,future|murder|neo noir|washington d.c.|year 2054,Steven Spielberg,"Frank Grillo,Tom Cruise,Jessica Capshaw",2002,7.7
Harry Potter and the Chamber of SecretsÂ ,bildungsroman|flying broom|invisibility cloak|monster|wizardry,Chris Columbus,"Rupert Grint,Daniel Radcliffe,Emma Watson",2002,7.4
Casino RoyaleÂ ,casino|espionage|free running|james bond|terrorist,Martin Campbell,"Tobias Menzies,Eva Green,Ivana Milicevic",2006,8
Planet of the ApesÂ ,astronaut|cage|planet|wilhelm scream|year 2029,Tim Burton,"Estella Warren,Cary-Hiroyuki Tagawa,Erick Avari",2001,5.7
Terminator 2: Judgment DayÂ ,future|liquid metal|multiple cameos|sexy woman|time travel,James Cameron,"Jenette Goldstein,Joe Morton,S. Epatha Merkerson",1991,8.5
Public EnemiesÂ ,1930s|bank|celebrity criminal|fbi|public enemy number one,Michael Mann,"Christian Bale,Johnny Depp,Stephen Graham",2009,7
American GangsterÂ ,death|heroin|popcorn|smuggling|vietnam,Ridley Scott,"Ruby Dee,Denzel Washington,RZA",2007,7.8
True LiesÂ ,espionage|secret agent|secret mission|spy|spy film,James Cameron,"Tia Carrere,Jamie Lee Curtis,Tom Arnold",1994,7.2
The Taking of Pelham 1 2 3Â ,hijack|hostage|ransom|subway|train,Tony Scott,"Ramon Rodriguez,Denzel Washington,Michael Rispoli",2009,6.4
Little FockersÂ ,birthday|critically bashed|male nurse|nurse|suspicion,Paul Weitz,"Blythe Danner,Robert De Niro,Teri Polo",2010,5.5
The Other GuysÂ ,capitalist|detective|investigation|new york city|police,Adam McKay,"Will Ferrell,Dwayne Johnson,Derek Jeter",2010,6.7
EraserÂ ,assassination attempt|corporate crime|rogue agent|witness|witness protection program,Chuck Russell,"James Coburn,Vanessa Williams,Roma Maffia",1996,6.1
Django UnchainedÂ ,dynamite|historically inaccurate|ku klux klan|n word|slavery,Quentin Tarantino,"Christoph Waltz,Leonardo DiCaprio,Ato Essandoh",2012,8.5
The Hunchback of Notre DameÂ ,15th century|cathedral|gypsy|paris|victor hugo,Gary Trousdale,"Jason Alexander,Demi Moore,Bill Fagerbakke",1996,6.9
The Emperor's New GrooveÂ ,antidote|disney|emperor|first part|llama,Mark Dindal,"Wendie Malick,Eartha Kitt,John Fiedler",2000,7.3
The Expendables 2Â ,church|hostage|mine|plutonium|revenge,Simon West,"Sylvester Stallone,Jason Statham,Bruce Willis",2012,6.7
National TreasureÂ ,declaration of independence|secret society|treasure|treasure hunt|treasure hunter,Jon Turteltaub,"Armando Riesco,Nicolas Cage,Annie Parisse",2004,6.9
EragonÂ ,dragon|dragon rider|fictional war|sword and fantasy|teenage hero,Stefen Fangmeier,"Ed Speleers,Djimon Hounsou,Gary Lewis",2006,5.1
Where the Wild Things AreÂ ,based on children's book|creature|igloo|imagination|king,Spike Jonze,"Ryan Corr,Catherine O'Hara,Max Records",2009,6.8
PanÂ ,1940s|child hero|fantasy world|orphan|reference to peter pan,Joe Wright,"Cara Delevingne,Hugh Jackman,Nonso Anozie",2015,5.8
EpicÂ ,father daughter relationship|forest|miniature person|shrinking|sword and fantasy,Chris Wedge,"Emma Kenney,Josh Hutcherson,Troy Evans",2013,6.7
The TouristÂ ,police surveillance|surveillance van|tailing a suspect|tourist|venice italy,Florian Henckel von Donnersmarck,"Angelina Jolie Pitt,Johnny Depp,Rufus Sewell",2010,6
End of DaysÂ ,atheist|ex cop|female masturbation|female nudity|lucifer,Peter Hyams,"Mark Margolis,CCH Pounder,Udo Kier",1999,5.7
Blood DiamondÂ ,diamond|elephant|fisherman|rebel|sierra leone,Edward Zwick,"Djimon Hounsou,Leonardo DiCaprio,Stephen Collins",2006,8
The Wolf of Wall StreetÂ ,based on true story|fellatio|female rear nudity|sex in an airplane|stockbroker,Martin Scorsese,"Matthew McConaughey,Leonardo DiCaprio,Jon Favreau",2013,8.2
Batman ForeverÂ ,love|necktie|partner|rock music|tuxedo,Joel Schumacher,"Rene Auberjonois,Michael Gough,Debi Mazar",1995,5.4
Starship TroopersÂ ,alien|federation|future|military|planet,Paul Verhoeven,"Patrick Muldoon,Jake Busey,Seth Gilliam",1997,7.2
Cloud AtlasÂ ,composer|future|letter|nonlinear timeline|nursing home,Tom Tykwer,"Jim Sturgess,Tom Hanks,Jim Broadbent",2012,7.5
Legend of the Guardians: The Owls of Ga'HooleÂ ,barn owl|escape|owl|ruler|soldier,Zack Snyder,"Richard Roxburgh,Abbie Cornish,Anthony LaPaglia",2010,7
CatwomanÂ ,based on cult comic book|bechdel test passed|cat|detective|radical transformation,Pitof,"Christopher Heyerdahl,Frances Conroy,Alex Borstein",2004,3.3
HerculesÂ ,army|greek mythology|hercules|king|mercenary,Brett Ratner,"Rufus Sewell,Dwayne Johnson,Ingrid BolsÃ¸ Berdal",2014,6
Treasure PlanetÂ ,alien|cyborg|pirate|planet|treasure,Ron Clements,"Martin Short,Joseph Gordon-Levitt,Michael Wincott",2002,7.1
Land of the LostÂ ,human versus dinosaur|lizard|primate|time travel|tyrannosaurus rex,Brad Silberling,"Anna Friel,Will Ferrell,Bobb'e J. Thompson",2009,5.4
The Expendables 3Â ,battle|fight|mission|pg 13 sequel to r rated franchise|rescue,Patrick Hughes,"Sylvester Stallone,Jason Statham,Harrison Ford",2014,6.1
Point BreakÂ ,athlete|extreme sports|fbi|fbi agent|heist,Ericson Core,"Edgar RamÃ­rez,Ray Winstone,Delroy Lindo",2015,5.3
Son of the MaskÂ ,baby|cartoon on tv|cartoonist|dog|mask,Lawrence Guterman,"Traylor Howard,Jamie Kennedy,Ben Stein",2005,2.2
In the Heart of the SeaÂ ,emaciation|ship|starvation|vomiting|whale,Ron Howard,"Benjamin Walker,Chris Hemsworth,Frank Dillane",2015,7
The Adventures of Pluto NashÂ ,casino|future|laser gun|moon|nightclub,Ron Underwood,"Randy Quaid,Rosario Dawson,Burt Young",2002,3.8
Green ZoneÂ ,cia|iraq|iraqi|political military conspiracy|weapon of mass destruction,Paul Greengrass,"Sean Huze,Matt Damon,Igal Naor",2010,6.9
The Peanuts MovieÂ ,dog|girl|imagination|peanuts|red hair,Steve Martino,"Venus Schultheis,Francesca Capaldi,Bill Melendez",2015,7.2
The Spanish PrisonerÂ ,brother sister relationship|extradition|fbi|japanese tourist|secret,David Mamet,"Felicity Huffman,Ben Gazzara,Campbell Scott",1997,7.3
The Mummy ReturnsÂ ,ancient egypt|bracelet|king|scorpion|son,Stephen Sommers,"Brendan Fraser,Dwayne Johnson,Patricia Velasquez",2001,6.3
Gangs of New YorkÂ ,butcher|civil war|gangster|new york city|revenge,Martin Scorsese,"Liam Neeson,Leonardo DiCaprio,Jim Broadbent",2002,7.5
The Flowers of WarÂ ,abusive stepfather|attempted rape|food shortage|sexual abuse|starving child,Yimou Zhang,"Ni Ni,Christian Bale,Shigeo Kobayashi",2011,7.6
Surf's UpÂ ,chicken|competition|island|penguin|surfing,Ash Brannon,"Zooey Deschanel,Jeff Bridges,Jon Heder",2007,6.8
The Stepford WivesÂ ,community|connecticut|fem bot|tv producer|writer,Frank Oz,"Matthew Broderick,Jon Lovitz,Roger Bart",2004,5.2
Black Hawk DownÂ ,army|helicopter|somali|somalia|warlord,Ridley Scott,"Sam Shepard,Ioan Gruffudd,Ewen Bremner",2001,7.7
The CampaignÂ ,campaigning|congressman|north carolina|title at the end|u.s. congressman,Jay Roach,"Thomas Middleditch,Will Ferrell,Katherine LaNasa",2012,6.2
The Fifth ElementÂ ,1910s|alien|artificially created woman|love|taxi driver,Luc Besson,"Bruce Willis,Milla Jovovich,Gary Oldman",1997,7.7
Sex and the City 2Â ,abu dhabi|box office hit|muslim|nanny|united arab emirates,Michael Patrick King,"Liza Minnelli,Chris Noth,Kristin Davis",2010,4.3
The Road to El DoradoÂ ,adventurer|el dorado|gold|high priest|implied sex,Bibo Bergeron,"Rosie Perez,Frank Welker,Elton John",2000,6.9
Ice Age: Continental DriftÂ ,acorn|herd|iceberg|ocean|pirate,Steve Martino,"Josh Gad,Peter Dinklage,Drake",2012,6.6
CinderellaÂ ,dress|duke|fairy godmother|fairy tale|pumpkin,Kenneth Branagh,"Derek Jacobi,Hayley Atwell,Lily James",2015,7
The Lovely BonesÂ ,1970s|afterlife|heaven|pedophile|rape,Peter Jackson,"AJ Michalka,Michael Imperioli,Tom McCarthy",2009,6.7
Finding NemoÂ ,great barrier reef|protective father|separation from family|shark|short term memory loss,Andrew Stanton,"Stephen Root,Alexander Gould,Brad Garrett",2003,8.2
The Lord of the Rings: The Return of the KingÂ ,battle|epic|king|orc|ring,Peter Jackson,"Billy Boyd,Orlando Bloom,Bernard Hill",2003,8.9
The Lord of the Rings: The Two TowersÂ ,epic|evil wizard|middle earth|ring|wizard,Peter Jackson,"Orlando Bloom,Christopher Lee,Billy Boyd",2002,8.7
Seventh SonÂ ,apprentice|demon|exorcism|master apprentice relationship|witch,Sergey Bodrov,"Djimon Hounsou,Jeff Bridges,Olivia Williams",2014,5.5
Lara Croft: Tomb RaiderÂ ,illuminati|planetary alignment|time|tomb|tomb raider,Simon West,"Noah Taylor,Angelina Jolie Pitt,Chris Barrie",2001,5.7
TranscendenceÂ ,artificial intelligence|consciousness|power outage|scientist|technology,Wally Pfister,"Morgan Freeman,Johnny Depp,Clifton Collins Jr.",2014,6.3
Jurassic Park IIIÂ ,dinosaur|island|jurassic park|paleontologist|search,Joe Johnston,"Trevor Morgan,Michael Jeter,Alessandro Nivola",2001,5.9
Rise of the Planet of the ApesÂ ,alzheimer's disease|ape|chimpanzee|fire|when animals attack,Rupert Wyatt,"David Oyelowo,James Franco,Tyler Labine",2011,7.6
The Spiderwick ChroniclesÂ ,actor playing multiple roles|brownie the creature|closing credits sequence|family relationships|magical creature,Mark Waters,"Tod Fennell,Martin Short,Joan Plowright",2008,6.6
A Good Day to Die HardÂ ,bomb|cia|courthouse|escape|russian,John Moore,"Cole Hauser,Bruce Willis,Megalyn Echikunwoke",2013,5.3
The AlamoÂ ,army|dictator|general|texan|texas,John Lee Hancock,"Marc Blucas,Dennis Quaid,Jordi MollÃ ",2004,6
The IncrediblesÂ ,hero|island|lawsuit|secret|superhero,Brad Bird,"Craig T. Nelson,Holly Hunter,Lou Romano",2004,8
Cutthroat IslandÂ ,latin|pirate|pirate ship|treasure|treasure map,Renny Harlin,"Frank Langella,Christopher Masterson,Matthew Modine",1995,5.6
Percy Jackson & the Olympians: The Lightning ThiefÂ ,greek|lightning|lightning bolt|poseidon|teenager,Chris Columbus,"Rosario Dawson,Logan Lerman,Steve Coogan",2010,5.9
Men in BlackÂ ,alien|box office hit|flying saucer|laser gun|wisecrack humor,Barry Sonnenfeld,"Rip Torn,Will Smith,Linda Fiorentino",1997,7.3
Toy Story 2Â ,collector|dog|friend|rescue|toy,John Lasseter,"John Ratzenberger,Tom Hanks,Wayne Knight",1999,7.9
UnstoppableÂ ,freight train|race against time|runaway train|train|train engineer,Tony Scott,"Rosario Dawson,Denzel Washington,Ethan Suplee",2010,6.8
Rush Hour 2Â ,boat|gang|hong kong|triad|vacation,Brett Ratner,"John Lone,Mei MelanÃ§on,Harris Yulin",2001,6.6
What Lies BeneathÂ ,ghost|haunted house|research|secret|vermont,Robert Zemeckis,"Amber Valletta,Harrison Ford,Miranda Otto",2000,6.6
Cloudy with a Chance of MeatballsÂ ,food|giant food|mayor|sardine|weather,Phil Lord,"Bobb'e J. Thompson,Will Forte,Al Roker",2009,7
Ice Age: Dawn of the DinosaursÂ ,egg|lost world|rescue|squirrel|weasel,Carlos Saldanha,"Maile Flanagan,Denis Leary,Kelly Keaton",2009,7
The Secret Life of Walter MittyÂ ,daydream|life magazine|magazine|photographer|snow leopard,Ben Stiller,"Adrian Martinez,Adam Scott,Joey Slotnick",2013,7.3
Charlie's AngelsÂ ,booty shake|box office hit|duct tape over mouth|first part|martial arts,McG,"LL Cool J,Bill Murray,Kelly Lynch",2000,5.5
The DepartedÂ ,boston|mole|police|undercover|undercover cop,Martin Scorsese,"Matt Damon,Leonardo DiCaprio,Ray Winstone",2006,8.5
MulanÂ ,based on poem|based on true story|china|one word title|the huns,Tony Bancroft,"Harvey Fierstein,Ming-Na Wen,June Foray",1998,7.5
Tropic ThunderÂ ,film director|parody|spoof|vietnam|written and directed by cast member,Ben Stiller,"Steve Coogan,Robert Downey Jr.,Brandon T. Jackson",2008,7
The Girl with the Dragon TattooÂ ,computer hacker|hacker|investigation|journalist|punk,David Fincher,"Goran Visnjic,Robin Wright,Joely Richardson",2011,7.8
Die Hard with a VengeanceÂ ,bomb|detective|new york city|police|terrorist,John McTiernan,"Aldis Hodge,Bruce Willis,Kevin Chamberlin",1995,7.6
Sherlock HolmesÂ ,black magic|bridge construction|professor moriarty|scotland yard inspector|sherlock holmes,Guy Ritchie,"Eddie Marsan,Robert Downey Jr.,Robert Maillet",2009,7.6
Ben-HurÂ ,,Timur Bekmambetov,"Ayelet Zurer,Morgan Freeman,Moises Arias",2016,6.1
Atlantis: The Lost EmpireÂ ,atlantis|crew|expedition|journal|museum,Gary Trousdale,"Jim Varney,Leonard Nimoy,Cree Summer",2001,6.8
Alvin and the Chipmunks: The Road ChipÂ ,chipmunk|highway travel|on the road|plane|road movie,Walt Becker,"Joshua Mikel,Bella Thorne,Jesse McCartney",2015,5
ValkyrieÂ ,american actor playing foreigner|assassination|conspiracy|military|nazis,Bryan Singer,"Tom Wilkinson,Tom Cruise,Thomas Kretschmann",2008,7.1
You Don't Mess with the ZohanÂ ,hair stylist|jew|landlord|muslim|palestinian,Dennis Dugan,"Sayed Badreya,Adam Sandler,Kevin Nealon",2008,5.5
PixelsÂ ,alien|arcade game|chase|driving in reverse|video gamer,Chris Columbus,"Adam Sandler,Peter Dinklage,Josh Gad",2015,5.6
A.I. Artificial IntelligenceÂ ,affection|boy|fairy|future|robot,Steven Spielberg,"William Hurt,Haley Joel Osment,Kevin Sussman",2001,7.1
The Haunted MansionÂ ,arachnophobia|crystal ball|ghost|haunted house|thunderstorm,Rob Minkoff,"Rachael Harris,Marsha Thomason,Marc John Jefferies",2003,4.9
ContactÂ ,message from outer space|religion|religion versus science|scientist|universe,Robert Zemeckis,"Tom Skerritt,Matthew McConaughey,Larry King",1997,7.4
Hollow ManÂ ,experiment|research|scientist|suburb|surrealism,Paul Verhoeven,"Kim Dickens,Greg Grunberg,Joey Slotnick",2000,5.7
The InterpreterÂ ,african|assassination|dialect|interpreter|threat,Sydney Pollack,"George Harris,Curtiss Cook,Michael Wright",2005,6.4
Percy Jackson: Sea of MonstersÂ ,golden fleece|half brother|magical tree|sea|tree,Thor Freudenthal,"Leven Rambin,Logan Lerman,Brandon T. Jackson",2013,5.9
Lara Croft Tomb Raider: The Cradle of LifeÂ ,duology|female hero|female lead|orb|pandora's box,Jan de Bont,"Angelina Jolie Pitt,Gerard Butler,Djimon Hounsou",2003,5.5
Now You See Me 2Â ,card trick|london england|magician|rain machine|rooftop,Jon M. Chu,"Morgan Freeman,Daniel Radcliffe,Sanaa Lathan",2016,6.9
The SaintÂ ,cold fusion|disguise|energy|fusion|the saint,Phillip Noyce,"Michael Byrne,Alun Armstrong,Velibor Topic",1997,6.2
Spy GameÂ ,china|cia|cold war|friendship|retirement,Tony Scott,"Stephen Dillane,Brad Pitt,Catherine McCormack",2001,7
Mission to MarsÂ ,astronaut|mars|mars the planet|outer space|zero gravity,Brian De Palma,"Connie Nielsen,Don Cheadle,Kim Delaney",2000,5.6
RioÂ ,bird|brazilian|cockatoo|macaw|minnesota,Carlos Saldanha,"Wanda Sykes,Anne Hathaway,Will.i.am",2011,7
Bicentennial ManÂ ,23rd century|android|artificial intelligence|dual role|robot,Chris Columbus,"Oliver Platt,Robin Williams,John Michael Higgins",1999,6.8
VolcanoÂ ,earthquake|fire|lava|rescue|volcano,Mick Jackson,"Anne Heche,Don Cheadle,Gaby Hoffmann",1997,5.4
The Devil's OwnÂ ,friendship|murder|northern ireland|police officer|terrorist,Alan J. Pakula,"Brad Pitt,Harrison Ford,Natascha McElhone",1997,6.1
K-19: The WidowmakerÂ ,courage|radiation sickness|radioactive contamination|sea|test launch,Kathryn Bigelow,"Christian Camargo,Liam Neeson,Lex Shrapnel",2002,6.7
Fantastic FourÂ ,box office flop|critically bashed|portal|teleportation|troubled production,Josh Trank,"Reg E. Cathey,Tim Blake Nelson,Tim Heidecker",2015,4.3
Conan the BarbarianÂ ,actual animal killed|cult|evil sorcerer|gladiator|warlord,John Milius,"Mako,William Smith,Sandahl Bergman",1982,6.9
Cinderella ManÂ ,boxer|boxing|dream|great depression|love,Ron Howard,"Bruce McGill,Paddy Considine,Rosemarie DeWitt",2005,8
The Nutcracker in 3DÂ ,box office flop|christmas|christmas eve|critically bashed|toy comes to life,Andrey Konchalovskiy,"Nathan Lane,Shirley Henderson,Richard E. Grant",2010,4.4
SeabiscuitÂ ,horse|horse racing|jockey|limp|seabiscuit,Gary Ross,"Michael Angarano,Jeff Bridges,Michael O'Neill",2003,7.3
TwisterÂ ,device|disaster|divorce|storm|tornado,Jan de Bont,"Alan Ruck,Philip Seymour Hoffman,Jami Gertz",1996,6.3
The Fast and the FuriousÂ ,eighteen wheeler|illegal street racing|truck|trucker|undercover cop,Rob Cohen,"Vin Diesel,Paul Walker,Jordana Brewster",2001,6.7
Cast AwayÂ ,christmas|island|love|survival|talking to inanimate object,Robert Zemeckis,"Paul Sanchez,Tom Hanks,Nick Searcy",2000,7.7
Happy FeetÂ ,dance|emperor penguin|friend|penguin|song,George Miller,"Hugh Jackman,Robin Williams,Elizabeth Daily",2006,6.5
The Bourne SupremacyÂ ,assassin|car chase|cia|hidden truth|one against many,Paul Greengrass,"Joan Allen,Matt Damon,Oksana Akinshina",2004,7.8
Air Force OneÂ ,ex soldier|hijacker|hostage|president|terrorist,Wolfgang Petersen,"Gary Oldman,Harrison Ford,Dean Stockwell",1997,6.4
Ocean's ElevenÂ ,card dealer|casino|criminal mastermind|recruiting|ulcer,Steven Soderbergh,"Bernie Mac,Brad Pitt,Elliott Gould",2001,7.8
The Three MusketeersÂ ,box office flop|cardinal richelieu|critically bashed|duel|musketeer,Paul W.S. Anderson,"Logan Lerman,Milla Jovovich,Orlando Bloom",2011,5.8
Hotel TransylvaniaÂ ,dracula|hotel|invisible man|monster|transylvania,Genndy Tartakovsky,"Adam Sandler,Steve Buscemi,Jon Lovitz",2012,7.1
EnchantedÂ ,fairy tale|lawyer|love|new york|prince,Kevin Lima,"Teala Dunn,Jeff Bennett,Fred Tatasciore",2007,7.1
HannibalÂ             ,blood|cannibalism|fbi|manipulation|psychiatrist,,"Scott Thompson,Caroline Dhavernas,Hettienne Park",,8.6
Safe HouseÂ ,cia|cia agent|consulate|on the run|safe house,Daniel Espinosa,"Ryan Reynolds,Denzel Washington,Sam Shepard",2012,6.8
102 DalmatiansÂ ,dog|parole|parole officer|prison|puppy,Kevin Lima,"Eric Idle,Ioan Gruffudd,Jim Carter",2000,4.8
Tower HeistÂ ,apartment|fbi|fraud|heist|manager,Brett Ratner,"Gabourey Sidibe,Matthew Broderick,Judd Hirsch",2011,6.2
The HolidayÂ ,book|composer|house|love|self esteem,Nancy Meyers,"Rufus Sewell,Kate Winslet,Sarah Parish",2006,6.9
Enemy of the StateÂ ,congressman|lawyer|nsa|on the run|surveillance,Tony Scott,"Jake Busey,Will Smith,Lisa Bonet",1998,7.3
It's ComplicatedÂ ,affair|divorce|graduation|vomiting|watching television,Nancy Meyers,"Hunter Parrish,Meryl Streep,Zoe Kazan",2009,6.6
Ocean's ThirteenÂ ,casino|heist|manmade earthquake|revenge|tunnel boring machine,Steven Soderbergh,"Matt Damon,Al Pacino,Brad Pitt",2007,6.9
Open SeasonÂ ,bear|deer|forest|grizzly bear|hunter,Roger Allers,"Debra Messing,Jon Favreau,Jane Krakowski",2006,6.2
DivergentÂ ,army|brother sister relationship|dystopia|father son relationship|narrated by character,Neil Burger,"Theo James,Kate Winslet,Mekhi Phifer",2014,6.7
Enemy at the GatesÂ ,battle|german|russian|sniper|stalingrad,Jean-Jacques Annaud,"Gabriel Thomson,Bob Hoskins,Clemens Schick",2001,7.6
The RundownÂ ,amazon|bounty hunter|fight|hunter|jungle,Peter Berg,"Rosario Dawson,Dwayne Johnson,Ewen Bremner",2003,6.7
Last Action HeroÂ ,action hero|hero|magic|ticket|video store,John McTiernan,"Tom Noonan,F. Murray Abraham,Joan Plowright",1993,6.2
Memoirs of a GeishaÂ ,coming of age|geisha|japan|jealousy|love,Rob Marshall,"Mako,Li Gong,Karl Yune",2005,7.3
The Fast and the Furious: Tokyo DriftÂ ,car|challenge|drift racing|drifting|tokyo japan,Justin Lin,"Zachery Ty Bryan,Amber Stevens West,Nikki Griffin",2006,6
Arthur ChristmasÂ ,christmas|christmas eve|elf|high tech|resentment,Sarah Smith,"Imelda Staunton,Jim Broadbent,Michael Palin",2011,7.1
Meet Joe BlackÂ ,birthday|death|death personified|fear of death|wealth,Martin Brest,"Brad Pitt,Anthony Hopkins,Jake Weber",1998,7.1
Collateral DamageÂ ,bare chested boy|car explosion|colombia|explosion|terrorism,Andrew Davis,"Rick Worthy,Raymond Cruz,Jsu Garcia",2002,5.5
All That JazzÂ ,dancer|editing|stand up comedian|surgery|vomiting,Bob Fosse,"Ben Vereen,Roy Scheider,Max Wright",1979,7.8
Mirror MirrorÂ ,kingdom|prince|princess|queen|snow,Tarsem Singh,"Nathan Lane,Julia Roberts,Danny Woodburn",2012,5.6
Scott Pilgrim vs. the WorldÂ ,band|dating|high school|hipster|rock band,Edgar Wright,"Kieran Culkin,Anna Kendrick,Ellen Wong",2010,7.5
The CoreÂ ,core|earth|natural disaster|pacemaker|scientist,Jon Amiel,"TchÃ©ky Karyo,Glenn Morshower,Rekha Sharma",2003,5.4
Nutty Professor II: The KlumpsÂ ,alter ego|marriage|professor|scientist|serum,Peter Segal,"Janet Jackson,Larry Miller,Chris Elliott",2000,4.3
Scooby-DooÂ ,amusement park|island|motorcycle|scooby doo|tough girl,Raja Gosnell,"Linda Cardellini,Sarah Michelle Gellar,Miguel A. NÃºÃ±ez Jr.",2002,4.9
DreddÂ ,brutality|dark humor|female antagonist|female warrior|post apocalypse,Pete Travis,"Jason Cope,Wood Harris,Rakie Ayola",2012,7.1
ClickÂ ,architect|frozen time|obese man|remote control|stopped time,Frank Coraci,"Cameron Monaghan,Adam Sandler,Julie Kavner",2006,6.4
CreepshowÂ ,anthology|child abuse|critically acclaimed|death|grindhouse,George A. Romero,"Hal Holbrook,Ted Danson,Adrienne Barbeau",1982,6.9
Cats & Dogs: The Revenge of Kitty GaloreÂ ,cartoon on tv|cat|dog|kitty|special agent,Brad Peyton,"Sean Hayes,Jack McBrayer,Katt Williams",2010,4.3
JumperÂ ,bank|based on novel|ice|teleportation|vault,Doug Liman,"Hayden Christensen,Kristen Stewart,Tom Hulce",2008,6.1
Hellboy II: The Golden ArmyÂ ,creature|elf|prince|rebellion|superhero,Guillermo del Toro,"IvÃ¡n KamarÃ¡s,Seth MacFarlane,Brian Steele",2008,7
ZodiacÂ ,cartoonist|reporter|serial killer|zodiac|zodiac killer,David Fincher,"Jake Gyllenhaal,Robert Downey Jr.,Anthony Edwards",2007,7.7
The 6th DayÂ ,clone|cloning|future|laser gun|murder,Roger Spottiswoode,"Michael Rapaport,Robert Duvall,Tony Goldwyn",2000,5.9
Bruce AlmightyÂ ,answer to prayer|breast expansion|pleading with god|supernatural power|walking on water,Tom Shadyac,"Steve Carell,Morgan Freeman,Lisa Ann Walter",2003,6.7
The ExpendablesÂ ,action hero|assassination attempt|explosion|machine gun|rescue mission,Sylvester Stallone,"Sylvester Stallone,Jason Statham,Jet Li",2010,6.5
Mission: ImpossibleÂ ,disguise|mission|spy|stealing|traitor,Brian De Palma,"Kristin Scott Thomas,Tom Cruise,Vanessa Redgrave",1996,7.1
The Hunger GamesÂ ,fight to the death|game|massacre|self survival|suicide attempt,Gary Ross,"Josh Hutcherson,Jennifer Lawrence,Anthony Reynolds",2012,7.3
The Hangover Part IIÂ ,hotel|male frontal nudity|pubic hair|thailand|wedding,Todd Phillips,"Mason Lee,Bradley Cooper,Mike Tyson",2011,6.5
Batman ReturnsÂ ,box office hit|dc comics|gotham|mayor|penguin,Tim Burton,"Vincent Schiavelli,Michael Gough,Andrew Bryniarski",1992,7
Over the HedgeÂ ,bear|food|forest|raccoon|turtle,Tim Johnson,"Steve Carell,Bruce Willis,Catherine O'Hara",2006,6.8
Lilo & StitchÂ ,alien|escape|fugitive|hawaii|social worker,Dean DeBlois,"Jason Scott Lee,Tia Carrere,David Ogden Stiers",2002,7.2
Charlotte's WebÂ ,barn|pig|piglet|spider|uncle,Gary Winick,"Julia Roberts,Steve Buscemi,Oprah Winfrey",2006,6.4
Deep ImpactÂ ,astronomer|comet|mission|president|secretary,Mimi Leder,"Jon Favreau,Morgan Freeman,Robert Duvall",1998,6.1
RED 2Â ,cia|cia agent|rescue|russian|team,Dean Parisot,"Anthony Hopkins,Bruce Willis,Garrick Hagon",2013,6.7
The Longest YardÂ ,coach|convict|football|prison|warden,Peter Segal,"Steve Reevis,Adam Sandler,Dalip Singh",2005,6.4
Alvin and the Chipmunks: ChipwreckedÂ ,chipmunk|cruise ship|football ball|overboard|tennis ball,Mike Mitchell,"Jesse McCartney,Amy Poehler,Lauren Gottlieb",2011,4.4
Grown Ups 2Â ,belching|number in title|party|reference to nicki minaj|sneezing,Dennis Dugan,"Adam Sandler,Steve Buscemi,Jon Lovitz",2013,5.4
Get SmartÂ ,airplane|misunderstanding|obese woman|overweight woman|spy,Peter Segal,"Dwayne Johnson,Bill Murray,Anne Hathaway",2008,6.5
Something's Gotta GiveÂ ,beach|dating|doctor|heart attack|weekend,Nancy Meyers,"Jon Favreau,Keanu Reeves,Paul Michael Glaser",2003,6.7
Shutter IslandÂ ,female prisoner|plot twist|self delusion|surprise ending|year 1954,Martin Scorsese,"Joseph Sikora,Leonardo DiCaprio,Nellie Sciutto",2010,8.1
Four ChristmasesÂ ,airport|christmas|news broadcast|tv broadcast|tv news,Seth Gordon,"Robert Duvall,Jon Favreau,Katy Mixon",2008,5.6
RobotsÂ ,actor voicing multiple characters|box office hit|coffee|plate|robot,Chris Wedge,"Drew Carey,Jim Broadbent,Paula Abdul",2005,6.3
Face/OffÂ ,death of child|face|face transplant|prison|terrorist,John Woo,"CCH Pounder,Nicolas Cage,Joan Allen",1997,7.3
Bedtime StoriesÂ ,2000s|bedtime story|elephant|handyman|tween girl,Adam Shankman,"Carmen Electra,Adam Sandler,Kathryn Joosten",2008,6.1
Road to PerditionÂ ,1930s|blood|gun|on the run|revenge,Sam Mendes,"Jennifer Jason Leigh,Tom Hanks,Liam Aiken",2002,7.7
Just Go with ItÂ ,chick flick|hawaii|love|plastic surgeon|woman wearing a string bikini,Dennis Dugan,"Bailee Madison,Adam Sandler,Kevin Nealon",2011,6.4
DaredevilÂ             ,corruption|lawyer|partnership|superhero|vigilante,,"Royce Johnson,Elden Henson,Charlie Cox",,8.8
Con AirÂ ,army rangers|convict|criminal|escape|prison,Simon West,"Monica Potter,Steve Buscemi,Dave Chappelle",1997,6.8
Eagle EyeÂ ,audio surveillance|death|pentagon|technology|twin brother,D.J. Caruso,"Ethan Embry,Rosario Dawson,Cameron Boyce",2008,6.6
Cold MountainÂ ,civil war|mountain|soldier|well|wounded soldier,Anthony Minghella,"Natalie Portman,Philip Seymour Hoffman,Charlie Hunnam",2003,7.2
The Book of EliÂ ,blind|book|long take|post apocalypse|water,Albert Hughes,"Mila Kunis,Denzel Washington,Gary Oldman",2010,6.9
FlubberÂ ,college|flubber|flying rubber|professor|wedding,Les Mayfield,"Jodi Benson,Robin Williams,Sam Lloyd",1997,5.2
The HauntingÂ ,greenhouse|haunted house|horror movie remake|mansion|old house,Jan de Bont,"Lili Taylor,Liam Neeson,Virginia Madsen",1999,4.9
Space JamÂ ,alien|basketball|basketball game|cult film|monstars,Joe Pytka,"Wayne Knight,Bill Murray,Michael Jordan",1996,6.3
The Pink PantherÂ ,diamond|france|investigation|pink panther|soccer,Shawn Levy,"Henry Czerny,Roger Rees,William Abadie",2006,5.6
The Day the Earth Stood StillÂ ,alien|earth|giant robot|military|scientist,Scott Derrickson,"Jon Hamm,Keanu Reeves,Juan Riedinger",2008,5.5
Conspiracy TheoryÂ ,conspiracy|fbi|mk ultra|newsletter|taxi,Richard Donner,"Alex McArthur,Julia Roberts,Michael Potts",1997,6.7
FuryÂ ,battle|battlefield|brutality|combat|tank,David Ayer,"Logan Lerman,Brad Pitt,Jim Parrack",2014,7.6
Six Days Seven NightsÂ ,airplane|island|pilot|storm|thunderstorm,Ivan Reitman,"Anne Heche,Harrison Ford,Amy Sedaris",1998,5.7
Yogi BearÂ ,bear|mayor|park|sabotage|yogi bear,Eric Brevig,"Tom Cavanagh,Justin Timberlake,Josh Robert Thompson",2010,4.6
Spirit: Stallion of the CimarronÂ ,cavalry|escape|herd|stallion|wild stallion,Kelly Asbury,"Charles Napier,Matt Damon,Zahn McClarnon",2002,7
ZookeeperÂ ,champagne bottle|coca cola|jewelry box|red bull|zoo,Frank Coraci,"Leslie Bibb,Rosario Dawson,Nicholas Turturro",2011,5.2
Lost in SpaceÂ ,based on tv series|remake|robot|scientist|spaceship,Stephen Hopkins,"William Hurt,Gary Oldman,June Lockhart",1998,5.1
The Manchurian CandidateÂ ,brainwashed assassin|conspiracy|critically acclaimed|mother son relationship|soldier,Jonathan Demme,"Dorian Missick,Denzel Washington,Jose Pablo Cantillo",2004,6.6
DÃ©jÃ  VuÂ ,american|love|pin|ruby|stranger,Henry Jaglom,"Stephen Dillane,Vanessa Redgrave,Michael Brandon",1997,7
Hotel Transylvania 2Â ,california|dracula|hotel|transylvania|vampire,Genndy Tartakovsky,"Adam Sandler,Steve Buscemi,Fran Drescher",2015,6.7
BewitchedÂ             ,connecticut|magic|marriage|witch|witchcraft,,"Agnes Moorehead,Elizabeth Montgomery,Dick York",,7.6
Fantasia 2000Â ,abstract|ark|disney|fairy tale|piano,James Algar,"Penn Jillette,Quincy Jones,Russi Taylor",1999,7.3
The Time MachineÂ ,hunter|scientist|time machine|time travel|time travel romance,Simon Wells,"Alan Young,Mark Addy,Josh Stamberg",2002,5.9
Mighty Joe YoungÂ ,animal|california|gorilla|hunter|poacher,Ron Underwood,"Mika Boorem,Charlize Theron,David Paymer",1998,5.6
SwordfishÂ ,computer|secret agent|terrorism|told in flashback|wearing a sound wire,Dominic Sena,"Don Cheadle,Hugh Jackman,Sam Shepard",2001,6.5
The Legend of ZorroÂ ,california|fight|hero|mask|zorro,Martin Campbell,"Nick Chinlund,Michael Emerson,Adrian Alonso",2005,5.9
What Dreams May ComeÂ ,heaven|hell|soul|soul mate|suicide,Vincent Ward,"Annabella Sciorra,Robin Williams,Rosalind Chao",1998,7
Little NickyÂ ,angel|devil|flask|hell|the devil,Steven Brill,"Jon Lovitz,Adam Sandler,Michael McKean",2000,5.3
The Brothers GrimmÂ ,creature|curse|exorcism|girl|village,Terry Gilliam,"Heath Ledger,Matt Damon,Mackenzie Crook",2005,5.9
Mars Attacks!Â ,alien|general|martian|president|weapon,Tim Burton,"Martin Short,Natalie Portman,Lukas Haas",1996,6.3
EvolutionÂ ,boy|giving birth|nurse|sea|ultrasonography,Lucile Hadzihalilovic,"Roxane Duran,Nissim Renard,Julie-Marie Parmentier",2015,6.4
The EdgeÂ ,bear|billionaire|crash|survival tactics|wilderness,Lee Tamahori,"Harold Perrineau,Anthony Hopkins,Bart the Bear",1997,6.9
SurrogatesÂ ,android|fbi agent|future|murder|robot,Jonathan Mostow,"Devin Ratray,Bruce Willis,Boris Kodjoe",2009,6.3
Thirteen DaysÂ ,blockade|crisis|cuba|missile|president,Roger Donaldson,"Jon Foster,Bruce Greenwood,Bruce Thomas",2000,7.3
DaylightÂ ,collapsing tunnel|explosion|new jersey|tunnel|weimaraner,Rob Cohen,"Viggo Mortensen,Sylvester Stallone,Amy Brenneman",1996,5.8
Walking with Dinosaurs 3DÂ ,brother|dinosaur|head butt|hero|orphan,Barry Cook,"Tiya Sircar,Charlie Rowe,Madison Rothschild",2013,5.2
Battlefield EarthÂ ,alien|bad acting|pulp fiction|resistance fighter|voyager golden record,Roger Christian,"Michael Byrne,Richard Tyson,John Topor",2000,2.4
Looney Tunes: Back in ActionÂ ,diamond|duck|monkey|spy|stuntman,Joe Dante,"Jenna Elfman,Brendan Fraser,Heather Locklear",2003,5.7
NineÂ ,based on stage musical based on film|child abuse|film director|italian|mistress,Rob Marshall,"Elio Germano,Fergie,Andrea Di Stefano",2009,5.8
TimelineÂ ,castle|france|professor|student|time machine,Richard Donner,"Gerard Butler,Paul Walker,Ethan Embry",2003,5.6
